appointment_id,appointment_date,appointment_time,status,patient_id,doctor_id
1,2026-07-17,0 days 10:00:00,Scheduled,1,1
2,2026-07-17,0 days 11:30:00,Scheduled,2,1
3,2026-07-17,0 days 14:00:00,Scheduled,3,2
4,2026-07-16,0 days 09:30:00,Completed,4,3
5,2026-07-15,0 days 10:00:00,Completed,5,2
6,2026-07-17,0 days 15:00:00,Scheduled,6,4
7,2026-07-18,0 days 09:00:00,Scheduled,7,6
8,2026-07-17,0 days 11:00:00,Scheduled,8,3
9,2026-07-14,0 days 13:00:00,Completed,9,4
10,2026-07-18,0 days 10:30:00,Scheduled,10,5
11,2026-07-19,0 days 09:00:00,Scheduled,1,1
12,2026-07-20,0 days 11:00:00,Scheduled,3,2
13,2026-07-22,0 days 14:30:00,Scheduled,5,2
14,2026-07-24,0 days 10:00:00,Scheduled,8,3
15,2026-07-12,0 days 16:00:00,Cancelled,4,7
16,2026-07-20,0 days 09:15:00,Scheduled,11,9
17,2026-07-14,0 days 10:00:00,Scheduled,12,10
18,2026-07-15,0 days 10:45:00,Scheduled,13,11
19,2026-07-19,0 days 11:30:00,Completed,14,12
20,2026-07-18,0 days 14:00:00,Completed,15,9
21,2026-07-20,0 days 15:30:00,Scheduled,16,13
22,2026-07-21,0 days 09:00:00,Scheduled,17,3
23,2026-07-20,0 days 11:15:00,Scheduled,18,14
24,2026-07-17,0 days 13:30:00,Completed,19,7
25,2026-07-21,0 days 10:30:00,Scheduled,20,16
26,2026-07-22,0 days 09:30:00,Scheduled,21,11
27,2026-07-22,0 days 12:00:00,Scheduled,22,17
28,2026-07-29,0 days 16:00:00,Scheduled,23,18
29,2026-07-23,0 days 10:00:00,Scheduled,24,19
30,2026-07-16,0 days 11:00:00,Completed,25,20
31,2026-07-26,0 days 13:45:00,Scheduled,26,21
32,2026-07-24,0 days 09:45:00,Scheduled,27,22
33,2026-07-25,0 days 14:30:00,Scheduled,28,23
34,2026-07-20,0 days 10:15:00,Scheduled,29,24
35,2026-07-15,0 days 15:00:00,Cancelled,30,10
36,2026-07-26,0 days 09:00:00,Scheduled,11,9
37,2026-07-27,0 days 11:00:00,Scheduled,13,11
38,2026-07-14,0 days 10:30:00,Completed,16,13
39,2026-07-28,0 days 13:00:00,Scheduled,19,7
40,2026-07-13,0 days 12:30:00,No-Show,24,19
41,2026-07-12,0 days 09:00:00,Scheduled,31,4
42,2026-07-13,0 days 09:45:00,Scheduled,32,10
43,2026-07-19,0 days 10:30:00,Completed,33,21
44,2026-07-24,0 days 11:15:00,Scheduled,34,12
45,2026-07-18,0 days 13:00:00,Completed,35,1
46,2026-07-21,0 days 10:00:00,Scheduled,36,5
47,2026-07-28,0 days 14:30:00,Scheduled,37,3
48,2026-07-22,0 days 09:30:00,Scheduled,38,6
49,2026-07-17,0 days 11:00:00,Completed,39,7
50,2026-07-20,0 days 15:00:00,Scheduled,40,8
51,2026-07-21,0 days 10:15:00,Scheduled,41,2
52,2026-07-25,0 days 12:30:00,Scheduled,42,18
53,2026-07-23,0 days 09:15:00,Scheduled,43,4
54,2026-07-16,0 days 13:45:00,Completed,44,23
55,2026-07-16,0 days 10:45:00,Scheduled,45,24
56,2026-07-22,0 days 11:30:00,Scheduled,46,20
57,2026-07-15,0 days 14:00:00,Cancelled,47,9
58,2026-07-20,0 days 09:00:00,Scheduled,48,3
59,2026-07-24,0 days 10:30:00,Scheduled,49,19
60,2026-07-14,0 days 15:30:00,Completed,50,11
61,2026-07-23,0 days 11:00:00,Scheduled,51,22
62,2026-07-25,0 days 09:45:00,Scheduled,52,3
63,2026-07-13,0 days 13:15:00,No-Show,53,4
64,2026-07-27,0 days 14:15:00,Scheduled,54,6
65,2026-07-26,0 days 10:00:00,Scheduled,55,1
66,2026-07-28,0 days 09:30:00,Scheduled,31,24
67,2026-07-29,0 days 11:00:00,Scheduled,35,1
68,2026-07-12,0 days 10:00:00,Completed,39,7
69,2026-07-30,0 days 12:00:00,Scheduled,44,23
70,2026-07-27,0 days 14:30:00,Scheduled,50,11
